{
  "model": "LightGBM",
  "timeframe": "1m",
  "request_metrics": {
    "RMSE": 1.576251217679012,
    "MSE": 2.484567901234568,
    "MAE": 1.0174382716049384,
    "MAPE": 5.179734387025394
  },
  "bytes_metrics": {
    "RMSE": 36411.69460805056,
    "MSE": 1325811504.229938,
    "MAE": 10511.506420380512,
    "MAPE": 1.4255352029763655
  }
}