{
  "model": "LightGBM",
  "timeframe": "15m",
  "request_metrics": {
    "RMSE": 37.06649118163896,
    "MSE": 1373.9247685185185,
    "MAE": 25.739583333333332,
    "MAPE": 5.386522845704592
  },
  "bytes_metrics": {
    "RMSE": 806135.9752165108,
    "MSE": 649855210538.2749,
    "MAE": 496207.1748598174,
    "MAPE": 6.1648504474588615
  }
}