{
  "model": "LightGBM",
  "timeframe": "5m",
  "request_metrics": {
    "RMSE": 10.494192985635108,
    "MSE": 110.12808641975309,
    "MAE": 7.268518518518518,
    "MAPE": 5.411129919815841
  },
  "bytes_metrics": {
    "RMSE": 105573.22429910356,
    "MSE": 11145705688.90883,
    "MAE": 58321.75830313272,
    "MAPE": 2.2868898256815724
  }
}